{"cameraMode":{"drawMode":0,"name":"Shaded","section":"Shading Mode"},"sceneLighting":true,"audioPlay":false,"sceneViewState":{"m_AlwaysRefresh":true,"showFog":false,"showSkybox":false,"showFlares":true,"showImageEffects":true,"showParticleSystems":true,"showVisualEffectGraphs":true,"m_FxEnabled":true},"in2DMode":false,"pivot":{"x":-0.43127501010894778,"y":0.08364132791757584,"z":-0.4762246012687683},"rotation":{"x":0.05272389203310013,"y":-0.8823645114898682,"z":0.07914125919342041,"w":0.45805487036705019},"size":0.1309608817100525,"orthographic":false}